{
    "data": {
        "2005": {
            "alabama": 0.0,
            "alaska": 1.4936787515235524e-05,
            "arizona": 3.280425866224903e-05,
            "arkansas": 7.852400799504074e-05,
            "california": 3.816148257639176e-05,
            "colorado": 2.767777067357824e-05,
            "connecticut": 2.7606705668806954e-05,
            "delaware": 5.3577424140320466e-05,
            "district of columbia": 8.762148891244552e-05,
            "florida": 1.30455309272426e-05,
            "georgia": 8.793694217750336e-06,
            "idaho": 2.3143894710708328e-05,
            "illinois": 3.3295325115436945e-05,
            "indiana": 1.3753134435289903e-05,
            "iowa": 1.2544711725915002e-05,
            "kansas": 3.501386512586208e-05,
            "kentucky": 1.1716061022027869e-05,
            "louisiana": 5.33607133082286e-06,
            "maine": 4.3457344329312134e-05,
            "maryland": 3.4751330940148894e-05,
            "massachusetts": 6.555059165220189e-05,
            "michigan": 6.402027083944053e-05,
            "minnesota": 4.190688056147387e-05,
            "mississippi": 0.0,
            "missouri": 2.2043733044193033e-05,
            "montana": 6.95335156894355e-05,
            "nebraska": 4.9665443298333466e-05,
            "nevada": 3.1966071129074844e-05,
            "new hampshire": 3.150417046061402e-05,
            "new jersey": 8.466873126921792e-05,
            "new mexico": 1.4609676406103088e-05,
            "new york": 3.165917184055303e-05,
            "north carolina": 1.049662654571477e-05,
            "north dakota": 2.0460680081527942e-05,
            "ohio": 2.0217403315061564e-05,
            "oklahoma": 1.1605627200646291e-05,
            "oregon": 3.7591189730750336e-05,
            "pennsylvania": 1.0226957115469835e-05,
            "rhode island": 1.408465251753774e-05,
            "south carolina": 2.302523918641962e-05,
            "south dakota": 1.6664871988144866e-05,
            "tennessee": 2.1515247138472132e-05,
            "texas": 1.1577972381273157e-05,
            "utah": 1.800261397954983e-05,
            "vermont": 5.33278174055532e-05,
            "virginia": 3.926552578059403e-05,
            "washington": 2.7150989206363807e-05,
            "west virginia": 2.7717415406448178e-05,
            "wisconsin": 8.662003741624699e-06,
            "wyoming": 7.90135942888974e-06
        },
        "2006": {
            "alabama": 1.5225043543624534e-06,
            "alaska": 2.066954563909497e-05,
            "arizona": 2.535488767946254e-05,
            "arkansas": 4.120639537465317e-05,
            "california": 3.557610273133305e-05,
            "colorado": 2.924441684108121e-05,
            "connecticut": 3.7300992034229685e-05,
            "delaware": 5.627052995116187e-05,
            "district of columbia": 9.760641668008041e-05,
            "florida": 1.19965690918072e-05,
            "georgia": 1.1361095706942036e-05,
            "idaho": 1.5705951804579718e-05,
            "illinois": 2.964299999426011e-05,
            "indiana": 1.3964485773680118e-05,
            "iowa": 9.44544764843774e-06,
            "kansas": 5.116667271473673e-05,
            "kentucky": 1.7064142690361176e-05,
            "louisiana": 9.669065616873416e-06,
            "maine": 4.4868182602856506e-05,
            "maryland": 3.77748745767254e-05,
            "massachusetts": 6.278610398152047e-05,
            "michigan": 6.546035790153136e-05,
            "minnesota": 3.185489087174794e-05,
            "mississippi": 0.0,
            "missouri": 2.2007748092150023e-05,
            "montana": 2.642063768851125e-05,
            "nebraska": 3.805877524589093e-05,
            "nevada": 5.0132248872525724e-05,
            "new hampshire": 3.4301551802203535e-05,
            "new jersey": 8.696941842158391e-05,
            "new mexico": 1.647270061690264e-05,
            "new york": 3.456191915052692e-05,
            "north carolina": 1.1954468811636705e-05,
            "north dakota": 2.8267618971341347e-05,
            "ohio": 3.471830964468551e-05,
            "oklahoma": 1.4268392377433111e-05,
            "oregon": 3.8068874752042464e-05,
            "pennsylvania": 8.25906721293046e-06,
            "rhode island": 1.7921214567872357e-05,
            "south carolina": 2.557957910761375e-05,
            "south dakota": 0.00012682002589664928,
            "tennessee": 3.350054594394603e-05,
            "texas": 1.0441172040389876e-05,
            "utah": 1.3933376784826862e-05,
            "vermont": 3.387178722065856e-05,
            "virginia": 4.472344434337353e-05,
            "washington": 2.7619787883167668e-05,
            "west virginia": 1.9919910891598613e-05,
            "wisconsin": 1.5076242713149356e-05,
            "wyoming": 9.749610503060402e-06
        },
        "2007": {
            "alabama": 2.5873756765987395e-06,
            "alaska": 2.7847110569150972e-05,
            "arizona": 2.7977563251690717e-05,
            "arkansas": 1.1962589464336355e-05,
            "california": 3.82872889347637e-05,
            "colorado": 3.304242916374362e-05,
            "connecticut": 3.640394389435633e-05,
            "delaware": 5.7810418824922305e-05,
            "district of columbia": 6.991707153198536e-05,
            "florida": 9.136723017451469e-06,
            "georgia": 1.909005270847465e-05,
            "idaho": 2.5346090865735754e-05,
            "illinois": 3.3804358993841426e-05,
            "indiana": 1.3866755918150212e-05,
            "iowa": 9.064299116499408e-06,
            "kansas": 5.152065185513978e-05,
            "kentucky": 1.2452194147092836e-05,
            "louisiana": 1.2339692540564455e-05,
            "maine": 5.465692153998913e-05,
            "maryland": 2.6622924609912035e-05,
            "massachusetts": 5.631397348165757e-05,
            "michigan": 6.317875498453016e-05,
            "minnesota": 3.024345402590458e-05,
            "mississippi": 0.0,
            "missouri": 1.996675366305325e-05,
            "montana": 2.193841573297814e-05,
            "nebraska": 3.44649903498027e-05,
            "nevada": 2.4924525421458146e-05,
            "new hampshire": 4.1750705776703565e-05,
            "new jersey": 8.615056687420385e-05,
            "new mexico": 1.1682652429407572e-05,
            "new york": 3.212722876857413e-05,
            "north carolina": 1.0149961264658695e-05,
            "north dakota": 2.3503530230240582e-05,
            "ohio": 3.584815831171666e-05,
            "oklahoma": 8.305220163081303e-06,
            "oregon": 4.554030491109327e-05,
            "pennsylvania": 6.867621250049212e-06,
            "rhode island": 4.454938299104557e-05,
            "south carolina": 2.870554708704245e-05,
            "south dakota": 5.520460205637143e-05,
            "tennessee": 3.887985832179627e-05,
            "texas": 1.015198571372298e-05,
            "utah": 2.1022630862123076e-05,
            "vermont": 3.3845856300164394e-05,
            "virginia": 4.184073860432509e-05,
            "washington": 3.0317190512142423e-05,
            "west virginia": 2.5949675297786327e-05,
            "wisconsin": 1.2317972940091271e-05,
            "wyoming": 4.012120424749816e-05
        },
        "2008": {
            "alabama": 3.848239131289947e-06,
            "alaska": 2.7611262488646684e-05,
            "arizona": 2.8771988453662558e-05,
            "arkansas": 3.2778150503318965e-05,
            "california": 3.756112807057096e-05,
            "colorado": 3.100170144632055e-05,
            "connecticut": 4.681792281437379e-05,
            "delaware": 6.619410164903203e-05,
            "district of columbia": 7.117751332883673e-05,
            "florida": 8.412995353095586e-06,
            "georgia": 1.6189175360528812e-05,
            "idaho": 1.9639857388448883e-05,
            "illinois": 1.4871967928873685e-05,
            "indiana": 1.9880065288012836e-05,
            "iowa": 1.1022091946291015e-05,